{
  "schema_version": 1,
  "coordinate_space": "local-relative",
  "units": "m",
  "point_count": 25131914,
  "crop": {
    "bounds_xy": [
      129.579597,
      103.05951,
      229.802497,
      207.56201
    ],
    "z_range": [
      0.0,
      82.619591
    ]
  },
  "elevation_display_range": [
    46.62,
    70.62
  ],
  "camera": {
    "target": [
      188.421697,
      149.92541,
      50.037591
    ],
    "distance": 112,
    "altitude": 105,
    "azimuth_rad": 3.926990817
  },
  "labels": {
    "project": "Caso 01 · terreno boscoso",
    "elevation": "altura relativa"
  }
}
